{
    "metadata":{
        "generator":"io_three",
        "faces":25,
        "vertices":22,
        "normals":25,
        "type":"Geometry",
        "version":3
    },
    "faces":[33,14,15,6,5,0,0,0,0,32,0,18,20,1,1,1,33,16,12,13,17,2,2,2,2,32,7,21,19,3,3,3,33,20,4,11,21,4,4,4,4,33,4,6,13,11,5,5,5,5,33,18,0,7,19,6,6,6,6,33,15,2,9,17,7,7,7,7,33,14,5,12,16,8,8,8,8,33,5,3,10,12,9,9,9,9,33,2,1,8,9,10,10,10,10,33,1,14,16,8,11,11,11,11,33,6,15,17,13,12,12,12,12,33,8,16,17,9,13,13,13,13,33,1,2,15,14,14,14,14,14,33,3,18,19,10,15,15,15,15,33,0,20,21,7,16,16,16,16,32,10,19,21,17,17,17,32,21,11,13,18,18,18,32,13,12,10,19,19,19,32,21,13,10,20,20,20,32,4,20,18,21,21,21,32,18,3,5,22,22,22,32,6,4,18,23,23,23,32,18,5,6,24,24,24],
    "vertices":[-0.0423492,0.0247189,-0.0475764,-0.191819,0.0290249,-0.200518,-0.143214,0.0288728,-0.23615,-0.146949,0.0407,-0.0740157,-0.0356526,0.0403516,-0.155606,-0.115462,0.0406014,-0.0970986,-0.067301,0.0404506,-0.132405,-0.0408677,0.0456535,-0.0456449,-0.190338,0.0499594,-0.198587,-0.141733,0.0498073,-0.234219,-0.145468,0.0616345,-0.0720842,-0.0341711,0.0612861,-0.153675,-0.113981,0.0615359,-0.0951671,-0.0658195,0.0613852,-0.130473,-0.153229,0.0406283,-0.148272,-0.104846,0.0404769,-0.183741,-0.151748,0.0615628,-0.14634,-0.103365,0.0614114,-0.18181,-0.094435,0.0357382,-0.0605166,-0.0929535,0.0566727,-0.0585851,-0.0387866,0.035564,-0.101312,-0.0373051,0.0564985,-0.0993803],
    "normals":[-0.00228148,-0.999997,0.00115798,-0.153498,-0.966596,-0.205258,0.00228148,0.999997,-0.00115798,0.153498,0.966596,0.205258,0.995873,-0.0751678,0.050856,-0.587045,0.115473,-0.801277,-0.254617,-0.0709636,0.964435,0.807162,-0.00265545,-0.590325,-0.804602,0.00215276,0.593811,-0.587045,0.115473,-0.801277,-0.587045,0.115472,-0.801277,-0.804602,0.00215254,0.593811,0.807162,-0.00265549,-0.590325,-0.101975,0.984411,-0.143307,0.101975,-0.984411,0.143307,-0.254618,-0.0709636,0.964435,0.995873,-0.0751678,0.050856,0.070294,0.993307,0.0916462,0.070294,0.993307,0.0916461,0.197622,-0.941232,0.273913,0.070294,0.993308,0.0916461,-0.070294,-0.993307,-0.0916461,-0.070294,-0.993307,-0.0916461,-0.070294,-0.993307,-0.0916461,-0.0702941,-0.993307,-0.0916461]
}