{
    "metadata":{
        "generator":"io_three",
        "faces":35,
        "normals":35,
        "uvs":1,
        "type":"Geometry",
        "vertices":40,
        "version":3
    },
    "vertices":[-0.0278664,0.0260093,0.0642769,-0.0397617,0.0293759,0.0255769,0.016961,-0.015451,-0.0966227,0.0389765,-0.015451,-0.0736118,0.0389765,-0.015451,0.0250958,0.0441803,0.0293759,0.0282812,-0.016961,0.0260093,-0.0970817,0.0231934,0.0278163,0.109431,0.0204615,-0.017005,0.0831623,0.0264839,-0.015451,0.0642769,-0.0441803,0.0293759,0.0282812,0.0397617,0.0209382,-0.0736118,0.016961,0.0260093,-0.0970817,-0.0231934,0.0278163,0.109431,-0.016961,-0.015451,-0.0966227,-0.016961,0.0293759,-0.101135,-0.0441803,0.0293759,-0.0736118,-0.016961,0.0293759,-0.0970817,-0.0292655,0.0293758,0.0642769,-0.0348731,0.0293758,0.0642769,0.0183767,0.0293758,0.104415,0.016961,0.0293759,-0.0970817,-0.0183767,0.0260093,0.0998357,-0.0204615,-0.017005,0.0815144,-0.0264839,-0.015451,0.0642769,-0.0183767,0.0293758,0.104415,-0.0397617,0.0293759,-0.0736118,0.016961,0.0293759,-0.101135,0.0441803,0.0293759,-0.0736118,0.0397617,0.0293759,-0.0736118,0.0348731,0.0293758,0.0642769,0.0397617,0.0209382,0.0255769,0.0397617,0.0293759,0.0255769,0.0292655,0.0293758,0.0642769,-0.0389765,-0.015451,-0.0736118,-0.0389765,-0.015451,0.0250958,0.0278664,0.0260093,0.0642769,0.0183767,0.0260093,0.0998357,-0.0397617,0.0209382,-0.0736118,-0.0397617,0.0209382,0.0255769],
    "faces":[41,20,37,22,25,0,1,1,0,0,0,0,0,41,6,17,26,38,2,3,4,5,1,1,1,1,41,0,39,1,18,6,7,8,9,2,2,2,2,41,12,21,17,6,2,3,3,2,3,3,3,3,41,28,5,4,3,10,11,12,13,4,4,4,4,41,38,39,31,11,14,15,16,17,5,5,5,5,41,8,9,30,7,18,19,20,21,6,6,6,6,41,22,0,18,25,1,6,9,0,7,7,7,7,41,32,29,11,31,8,4,22,7,8,8,8,8,41,19,24,23,13,20,19,18,21,9,9,9,9,41,34,16,15,14,13,23,2,24,10,10,10,10,41,19,10,35,24,20,11,12,19,11,11,11,11,41,36,33,32,31,6,9,8,7,12,12,12,12,41,0,22,37,36,25,26,27,28,13,13,13,13,41,27,28,3,2,2,10,13,24,14,14,14,14,41,14,15,27,2,29,2,21,30,15,15,15,15,41,15,17,21,27,31,32,33,34,16,16,16,16,41,16,10,1,26,35,36,37,10,17,17,17,17,41,25,18,19,13,38,39,40,21,18,18,18,18,41,7,20,25,13,41,42,43,44,19,19,19,19,41,29,28,27,21,10,35,45,46,20,20,20,20,40,20,33,37,0,9,1,21,21,21,40,33,36,37,9,6,1,22,22,22,41,16,34,35,10,23,13,12,11,23,23,23,23,41,1,10,19,18,37,36,47,48,24,24,24,24,41,17,15,16,26,32,31,23,49,25,25,25,25,41,11,29,21,12,22,4,3,2,26,26,26,26,41,30,5,32,33,50,36,37,20,27,27,27,27,41,30,33,20,7,50,20,51,52,28,28,28,28,41,39,38,26,1,7,5,4,8,29,29,29,29,41,13,23,8,7,21,30,29,2,30,30,30,30,41,11,12,6,38,17,53,54,14,31,31,31,31,41,39,0,36,31,15,25,28,16,32,32,32,32,41,30,9,4,5,20,19,12,11,33,33,33,33,41,28,29,32,5,35,10,37,36,34,34,34,34],
    "normals":[0,0.805678,-0.592354,0.717258,0,0.696808,0.95247,0.112893,-0.282943,-0,0,1,0.993329,-0.115314,-3.21494e-08,0,1,2.25346e-07,0.948327,-0.191723,0.25282,0.903411,0.353125,-0.243211,-1,0,0,-0.945573,-0.197771,0.258415,-0.714159,-0.0764746,-0.695793,-0.949027,-0.153667,0.275199,-0.95247,0.112893,-0.282943,0,1,1.04764e-07,0.714159,-0.0764746,-0.695793,0,-0.100161,-0.994971,0,1,0,6.80301e-08,1,2.22315e-07,-0.123779,0.991005,0.0508726,0,0.954909,0.296897,3.52757e-08,1,3.84519e-08,-0.909186,0.335476,-0.24665,-0.896603,0.372623,-0.23928,-0.993329,-0.115314,-3.21494e-08,1.00432e-07,1,3.72357e-07,-3.52757e-08,1,3.84519e-08,-0.717258,0,0.696808,-1.00432e-07,1,3.72357e-07,0.123779,0.991005,0.0508726,1,0,0,-0.0161512,-0.517225,0.855697,0,0.977444,0.211196,0,0.991524,-0.129926,0.949027,-0.153667,0.275199,-6.80301e-08,1,2.22315e-07],
    "uvs":[[1,-0.330078,0.977539,-0.158203,0,-0.158203,0,-0.330078,0.116211,-0.330078,0.116211,-0.158203,0.800781,-0.158203,0.608398,-0.158203,0.608398,-0.330078,0.800781,-0.330078,0.130859,-0.158203,0.614258,-0.158203,0.599609,-0.984375,0.130859,-0.984375,0.960938,-0.880859,0.960938,-0.376953,0.039062,-0.376953,0.039062,-0.880859,0.875,-0.984375,0.785156,-0.984375,0.785156,-0.158203,1,-0.158203,0.149414,-0.158203,0.125977,-0.158203,0.021484,-0.984375,0.851562,-0.180664,0.730469,0,0.269531,0,0.148438,-0.180664,0,-1,1,-1,0.40332,-0.158203,0.383789,0,0.864258,0,0.864258,-0.158203,0.130859,0,0.614258,0,0.601562,-0.158203,0.976562,0,0.657227,0,0.657227,-0.158203,0.53125,0,0.483398,-0.158203,0.131836,-0.158203,0.083984,0,0,0,0.019531,-0.158203,0.922852,0,0.922852,-0.158203,0.12207,0,0.785156,0,0.976562,-0.158203,1,0,0.285156,-1,0.714844,-1]]
}