{
    "metadata":{
        "generator":"io_three",
        "faces":79,
        "normals":77,
        "uvs":1,
        "type":"Geometry",
        "vertices":85,
        "version":3
    },
    "vertices":[0.0262838,0.0251869,0.0594387,0.0160859,0.0251869,0.0565568,0.0262838,0.0357832,0.0594387,0.0160859,0.0357832,0.0565568,0.0164377,0.0357832,0.0943061,0.0262838,0.0357832,0.0594387,0.00623982,0.0357832,0.0914242,0.0160859,0.0357832,0.0565568,0.0262838,0.0357832,0.0594387,0.0164377,0.0357832,0.0943061,0.0262838,0.0251869,0.0594387,0.0164377,0.0251869,0.0943061,0.0164377,0.0357832,0.0943061,0.00623982,0.0357832,0.0914242,0.0164377,0.0251869,0.0943061,0.00623982,0.0251869,0.0914242,0.0160859,0.0357832,0.0565568,0.0160859,0.0251869,0.0565568,0.00623982,0.0357832,0.0914242,0.00623982,0.0251869,0.0914242,-0.0379304,0.037175,-0.0397517,-0.0382564,0.0373923,-0.0323374,-0.031106,0.053799,-0.0398086,-0.034288,0.0546631,-0.0400621,-0.0319441,0.0485164,-0.0449619,-0.0351261,0.0493856,-0.0452102,-0.0334549,0.0412728,-0.0448325,-0.0347484,0.0363058,-0.0394981,-0.0366369,0.042142,-0.0450809,-0.0350744,0.0365231,-0.032089,-0.0342362,0.0418057,-0.0269357,-0.0327254,0.0490493,-0.0270651,-0.0314319,0.0540163,-0.0323943,-0.0374182,0.042675,-0.0271841,-0.0350951,0.0457069,-0.036104,-0.0359074,0.0499185,-0.0273134,-0.0346139,0.0548856,-0.0326478,-0.0249127,0.0617618,-0.0248299,-0.0212237,0.0712198,-0.0266097,-0.0296779,0.0766059,-0.00420125,-0.0247575,0.0822404,-0.0112948,-0.00601734,0.082468,-0.00712972,-0.0044341,0.0769112,0.00140735,0.000325964,0.0620619,-0.0192213,-0.00247834,0.0714423,-0.0224447,-0.0141405,0.06275,0.0121382,-0.0287156,0.0719493,0.00110208,-0.0152063,0.072684,0.0161428,-0.0137628,0.0736981,-0.0124124,-0.000248356,0.0744328,0.0026284,-0.0130695,0.0635054,-0.00906479,-0.00303712,0.0640487,0.00210065,-0.0241677,0.0622067,0.000972726,0.0156875,0.0364196,-0.08654,0.0203803,0.0364455,-0.0789756,0.0161894,0.0359333,-0.071137,0.00730566,0.0354004,-0.0708576,0.00261286,0.0353745,-0.0784272,0.00680378,0.0358867,-0.0862657,0.00861467,0.0241832,-0.0843927,0.0149942,0.024566,-0.0845894,0.00560859,0.0238158,-0.0787686,0.00897685,0.0238365,-0.0733411,0.0183624,0.0245816,-0.0791619,0.0153512,0.0242194,-0.0735377,0.00781032,0.0356019,-0.0717652,0.00365152,0.035579,-0.0784733,0.0176089,0.0260142,-0.0791244,0.0149403,0.0256932,-0.0741403,0.00630637,0.0253356,-0.078776,0.00929135,0.0253539,-0.0739661,0.0152384,0.0365052,-0.085663,0.0193972,0.0365281,-0.0789594,0.00736555,0.0360329,-0.0854199,0.00897038,0.0256612,-0.0837601,0.0156831,0.0360742,-0.0720127,0.014624,0.0260004,-0.0839343,-0.0274783,0.072191,0.00115258,-0.0151083,0.0728638,0.0149249,-0.0131516,0.0644592,-0.00815691,-0.0039653,0.0649566,0.00206694,-0.0141323,0.0637675,0.011258,-0.0137865,0.0737923,-0.0112222,-0.00141171,0.0744651,0.00255019,-0.0233139,0.06327,0.00103414],
    "faces":[40,0,2,1,0,1,2,0,0,0,40,1,2,3,2,1,3,0,0,0,40,4,5,6,1,3,0,1,1,1,40,5,7,6,3,2,0,2,2,2,40,8,9,10,2,0,4,3,3,3,40,9,11,10,0,5,4,4,4,4,40,12,13,14,1,3,0,5,5,5,40,13,15,14,3,2,0,5,5,5,40,16,18,17,2,0,4,6,6,6,40,17,18,19,4,0,5,7,7,7,40,25,28,34,6,7,8,8,8,8,40,28,20,34,7,6,8,9,9,9,40,34,20,21,8,6,7,10,10,10,40,32,22,36,6,7,9,11,11,11,40,22,23,36,7,10,9,12,12,12,40,24,25,22,7,10,6,13,13,13,40,25,23,22,10,9,6,14,14,14,40,26,28,24,7,10,6,15,15,15,40,28,25,24,10,9,6,16,16,16,40,27,20,26,7,10,6,17,17,17,40,20,28,26,10,9,6,18,18,18,40,29,21,27,7,10,6,19,19,19,40,21,20,27,10,9,6,20,20,20,40,29,30,21,6,7,9,21,21,21,40,30,33,21,7,10,9,22,22,22,40,30,31,33,6,7,9,23,23,23,40,31,35,33,7,10,9,24,24,24,40,31,32,35,6,7,9,25,25,25,40,32,36,35,7,10,9,26,26,26,40,36,23,34,6,7,8,27,27,27,40,23,25,34,6,7,8,28,28,28,40,21,33,34,6,7,8,29,29,29,40,33,35,34,6,7,8,30,30,30,40,35,36,34,6,7,8,31,31,31,41,37,38,44,43,11,12,13,14,32,32,32,32,41,39,40,38,37,15,16,17,18,33,33,33,33,41,41,44,38,40,19,20,21,22,34,34,34,34,41,42,41,40,39,15,16,17,18,35,35,35,35,41,49,51,50,48,15,16,17,18,36,36,36,36,41,45,47,46,52,17,18,15,16,37,37,37,37,41,47,45,51,49,18,17,16,15,38,38,38,38,41,48,50,52,46,15,16,17,18,39,39,39,39,41,57,61,62,56,23,24,25,26,40,40,40,40,41,55,64,63,54,27,28,29,30,41,41,41,41,41,59,61,57,58,31,32,23,33,42,42,42,42,41,60,59,58,53,34,35,33,36,43,43,43,43,41,56,62,64,55,36,34,37,27,44,44,44,44,40,61,59,60,43,38,39,45,45,45,40,60,63,64,39,40,41,46,46,46,40,64,62,61,41,42,43,47,47,47,40,60,64,61,39,41,43,48,48,48,41,43,44,41,42,15,16,17,18,49,49,49,49,41,50,51,45,52,44,45,46,47,50,50,50,50,41,54,63,60,53,30,48,49,26,51,51,51,51,41,66,65,70,69,23,26,25,24,52,52,52,52,41,75,72,67,68,27,30,29,28,53,53,53,53,41,74,73,66,69,31,33,23,32,54,54,54,54,41,76,71,73,74,34,36,33,35,55,55,55,55,41,65,75,68,70,36,27,37,34,56,56,56,56,40,76,74,69,39,38,43,57,57,57,40,69,70,68,43,42,41,58,58,58,40,68,67,76,41,40,39,59,59,59,40,69,68,76,43,41,39,60,60,60,41,72,71,76,67,30,26,49,48,61,61,61,61,41,58,73,71,53,33,33,36,36,62,62,62,62,41,53,71,72,54,26,26,30,30,63,63,63,63,41,55,75,65,56,27,27,36,36,64,64,64,64,41,56,65,66,57,26,26,23,23,65,65,65,65,41,54,72,75,55,30,30,27,27,66,66,66,66,41,57,66,73,58,23,23,33,33,67,67,67,67,41,83,82,79,80,15,18,17,16,68,68,68,68,41,81,84,77,78,17,16,15,18,69,69,69,69,41,78,83,80,81,18,15,16,17,70,70,70,70,41,82,77,84,79,15,18,17,16,71,71,71,71,41,79,84,81,80,44,47,46,45,72,72,72,72,41,48,82,83,49,18,18,15,15,73,73,73,73,41,49,83,78,47,15,15,18,18,74,74,74,74,41,47,78,77,46,18,18,15,15,75,75,75,75,41,46,77,82,48,18,18,15,15,76,76,76,76],
    "normals":[-0.271947,0,0.962312,-0,1,-0,-0,1,0,0.962365,0,0.271759,0.962365,-0,0.271759,-0.271947,0,0.962312,0.962365,0,0.271759,0.962365,-0,0.271759,-0.97499,0.204894,0.0860954,-0.953663,0.297385,0.0457025,-0.940975,0.334586,-0.0511748,0.264716,0.964183,-0.01662,0.263301,0.964557,-0.0173697,0.235801,0.659171,-0.714067,0.235875,0.659125,-0.714085,0.0690263,-0.0322023,-0.997095,0.0690262,-0.0322023,-0.997095,-0.13819,-0.707902,-0.69266,-0.139133,-0.707344,-0.693041,-0.264688,-0.964191,0.0166321,-0.264711,-0.964184,0.0166197,-0.2358,-0.659169,0.714069,-0.235799,-0.65917,0.714069,-0.0690269,0.032202,0.997095,-0.0690269,0.032202,0.997095,0.139134,0.707345,0.69304,0.138194,0.707901,0.692661,-0.996524,0.0695242,-0.0458975,-0.992686,0.110726,0.0481139,-0.944859,0.292864,-0.146533,-0.962937,0.197562,-0.183635,-0.984428,0.104761,-0.14116,0.212395,-0.260136,-0.941922,-0.878261,0.268279,-0.395834,0.115198,0.818644,-0.562629,-0.133885,0.819066,0.557857,0.737649,-0.164844,-0.654752,-0.693631,-0.332181,0.639165,0.668485,-0.215474,0.711828,-0.625092,-0.281849,-0.727888,-0.826743,-0.229614,0.513588,0.875106,-0.156258,0.458009,-0.856867,-0.208106,-0.471668,-0.0207698,-0.161139,-0.986713,0.0427378,-0.2037,0.9781,0.0588373,-0.997698,-0.0337191,0.058049,-0.997763,-0.0331713,0.0589182,-0.997725,-0.03276,0.059156,-0.997696,-0.033205,0.956832,0.290398,0.0118724,0.0884405,-0.995599,-0.0310029,0.842126,-0.135101,-0.522084,0.826743,0.229614,-0.513588,-0.875106,0.156257,-0.458009,0.856867,0.208106,0.471668,0.0207693,0.16114,0.986713,-0.0427381,0.2037,-0.9781,-0.0588372,0.997698,0.0337192,-0.0589183,0.997725,0.03276,-0.058049,0.997762,0.0331712,-0.059156,0.997696,0.0332049,-0.842126,0.135101,0.522084,-0.0633473,0.989619,-0.128999,0.0827266,0.995068,-0.0547246,-0.0529044,0.98067,0.188381,-0.187122,0.975853,0.112673,0.0850469,0.990266,0.110181,-0.194736,0.980037,-0.0400735,-0.737649,0.164844,0.654752,0.693631,0.332181,-0.639165,-0.668485,0.215474,-0.711828,0.625092,0.281849,0.727888,-0.0884406,0.995599,0.0310029,0.0328836,0.996394,-0.0782183,0.0175109,0.988929,0.147352,-0.195159,0.972411,0.127787,-0.187882,0.978828,-0.0812152],