{
    "metadata":{
        "generator":"io_three",
        "faces":109,
        "vertices":58,
        "normals":109,
        "type":"Geometry",
        "version":3
    },
    "faces":[32,13,22,19,0,0,0,32,2,16,12,1,1,1,32,39,26,32,2,2,2,32,15,4,11,3,3,3,32,15,1,2,4,4,4,32,1,11,27,5,5,5,32,33,25,36,6,6,6,32,13,15,2,7,7,7,32,3,40,27,8,8,8,32,3,11,10,9,9,9,32,23,12,16,10,10,10,32,40,39,32,11,11,11,32,13,19,20,12,12,12,32,9,3,10,13,13,13,32,9,29,28,14,14,14,32,47,28,48,15,15,15,32,8,6,29,16,16,16,32,8,7,6,17,17,17,32,17,27,38,18,18,18,32,56,0,55,19,19,19,32,13,2,12,20,20,20,32,22,35,21,21,21,21,32,5,10,21,22,22,22,32,17,1,27,23,23,23,32,4,22,21,24,24,24,32,43,24,34,25,25,25,32,13,20,15,26,26,26,32,14,50,0,27,27,27,32,48,30,57,28,28,28,32,11,4,21,29,29,29,33,51,55,50,52,30,30,30,30,32,49,5,47,31,31,31,33,56,22,12,23,32,32,32,32,32,17,24,1,33,33,33,32,22,4,19,34,34,34,32,8,9,5,35,35,35,32,19,4,20,36,36,36,32,37,34,25,37,37,37,32,23,0,56,38,38,38,32,18,49,6,39,39,39,32,9,8,29,40,40,40,32,22,13,12,41,41,41,32,44,45,53,42,42,42,32,43,14,1,43,43,43,32,34,24,25,44,44,44,32,39,31,35,45,45,45,32,37,51,52,46,46,46,32,36,38,32,47,47,47,32,27,32,38,48,48,48,32,40,41,31,49,49,49,32,5,49,18,50,50,50,32,35,41,47,51,51,51,32,34,37,50,52,52,52,32,46,44,53,53,53,53,32,49,30,29,54,54,54,32,41,40,9,55,55,55,32,43,34,14,56,56,56,32,37,25,51,57,57,57,32,48,57,47,58,58,58,32,47,5,21,59,59,59,32,16,14,0,60,60,60,32,14,16,2,61,61,61,32,26,46,36,62,62,62,32,25,33,51,63,63,63,32,46,26,44,64,64,64,32,44,42,45,65,65,65,32,39,35,42,66,66,66,32,54,22,56,67,67,67,32,41,28,47,68,68,68,32,38,24,17,69,69,69,32,7,5,18,70,70,70,32,45,33,46,71,71,71,32,32,26,36,72,72,72,32,26,39,42,73,73,73,32,51,33,42,74,74,74,32,48,28,30,75,75,75,32,26,42,44,76,76,76,32,33,45,42,77,77,77,32,21,10,11,78,78,78,32,24,43,1,79,79,79,32,46,53,45,80,80,80,32,9,40,3,81,81,81,32,0,23,16,82,82,82,32,6,49,29,83,83,83,32,5,7,8,84,84,84,32,14,2,1,85,85,85,32,18,6,7,86,86,86,32,50,37,52,87,87,87,32,28,41,9,88,88,88,32,30,28,29,89,89,89,32,47,21,35,90,90,90,32,15,20,4,91,91,91,32,36,46,33,92,92,92,32,25,24,38,93,93,93,32,15,11,1,94,94,94,32,3,27,11,95,95,95,32,40,31,39,96,96,96,32,22,54,35,97,97,97,32,5,9,10,98,98,98,32,14,34,50,99,99,99,32,36,25,38,100,100,100,32,27,40,32,101,101,101,32,35,31,41,102,102,102,32,35,54,42,103,103,103,33,42,54,55,51,104,104,104,104,32,50,55,0,105,105,105,32,47,57,49,106,106,106,32,57,30,49,107,107,107,32,55,54,56,108,108,108],
    "vertices":[-0.0294349,0.00637342,0.0236108,0.023275,0.0681423,0.027692,0.00170368,0.0517299,0.0393698,0.0831361,0.0343792,0.010283,0.048995,0.018474,0.0343436,0.119128,0.0100134,0.0145766,0.145701,0.0305143,0.0285733,0.140859,0.0279345,0.0445055,0.125468,0.0235808,0.0153847,0.113899,0.022672,0.0118149,0.0843961,0.0260141,0.0174392,0.0506734,0.0433189,0.0299347,0.00215735,0.0111801,0.0409697,0.00661096,0.0194132,0.0425172,-0.0275978,0.042969,0.0148684,0.0308946,0.0371606,0.0383475,-0.0207477,0.0299101,0.0361519,0.0304297,0.0684388,0.00531496,0.143546,0.01787,0.0332402,0.0237649,0.0105021,0.0533837,0.0351745,0.0137644,0.0632951,0.079854,0.0021696,0.0200267,0.036622,0.00130535,0.0375708,-0.0204761,0.00988903,0.0363406,0.0153857,0.0708101,-0.0104392,0.00218626,0.0517542,-0.0288666,0.0464579,0.0174901,-0.0238683,0.0574939,0.0539465,0.00515822,0.121804,0.0213957,-0.00430586,0.13986,0.0305377,0.00291297,0.147384,0.0287207,-0.0289276,0.0843961,0.0260141,-0.00680924,0.0506734,0.0433189,-0.0193048,0.009868,0.0186749,-0.0313311,-0.0275978,0.042969,-0.0122664,0.0793824,0.00213038,-0.00862528,0.0296525,0.0354832,-0.0281301,-0.0207477,0.0299101,-0.025522,0.0295028,0.0645966,-0.0176249,0.06242,0.0116453,-0.0165968,0.0785634,0.0357696,-0.00239349,0.111185,0.0225957,-0.00363984,0.027071,0.0041493,-0.027491,-0.0120464,0.0691718,0.00531496,0.0386042,0.0180271,-0.037477,0.0191046,0.0144759,-0.0467375,0.0316514,0.0242146,-0.0418118,0.1201,0.0103907,-0.00641941,0.140646,0.0285915,-0.0389092,0.141685,0.00842077,0.00399788,-0.030135,0.0076706,-0.0126159,0.00229723,0.0111222,-0.030368,-0.0204761,0.00988903,-0.0257107,0.0378027,0.0146568,-0.0521546,0.0327297,-0.00835425,0.0105951,-0.00750273,-0.00879368,-0.0058144,-0.00679099,-0.00760039,0.0303063,0.14141,0.0155421,-0.0229516],
    "normals":[-0.503555,-0.859231,0.0902982,-0.176765,0.0368278,0.983564,0.439028,0.0863571,-0.894313,0.350103,0.140689,0.926086,0.213561,0.364284,0.906471,0.578781,0.679546,0.450811,0.0816345,0.0928886,-0.992324,0.0895712,0.110008,0.989886,0.618122,0.773858,-0.138093,0.529523,0.596092,0.603555,-0.200726,0.00651211,0.979626,0.539443,0.128917,-0.832095,-0.601889,-0.223871,0.766558,0.212524,0.6535,0.726478,-0.357476,0.900774,-0.246612,-0.875399,0.218358,-0.431274,-0.372476,0.924083,0.0856355,-0.350026,0.935653,0.0451115,0.46489,0.869954,-0.164491,-0.532979,-0.845255,0.0384261,-0.380653,0.0322029,0.924157,0.0204059,-0.999791,0.00103267,0.120406,0.0844031,0.98913,0.466646,0.869718,0.160723,0.375906,-0.0976933,0.921494,-0.40235,0.66264,-0.631682,-0.359312,0.649162,0.670435,-0.998249,0.0551934,0.0212688,0.704908,-0.532185,-0.468916,0.4705,0.123267,0.873748,-0.234355,-0.780275,-0.57987,-0.080506,-0.996519,-0.0216318,-0.0881513,-0.459737,0.883669,0.106957,0.993135,0.0473541,0.632979,-0.324009,0.703104,-0.299792,0.0834872,0.950344,0.289062,-0.957147,-0.0177119,-0.532391,0.449087,-0.717552,-0.548979,-0.622149,0.558169,0.985291,-0.170716,-0.00755928,-0.172162,0.931352,0.320849,0.0379124,-0.204363,0.978161,0.0729805,-0.972898,0.219418,-0.443643,0.527469,0.724539,-0.472953,0.759497,-0.446632,0.416785,-0.0183897,-0.908819,-0.200692,0.00651228,-0.979633,0.258643,0.329043,-0.908204,0.61416,0.64677,-0.452213,0.163611,0.486335,-0.858318,0.0746846,-0.950278,0.302315,0.00676331,0.226744,-0.973931,-0.858082,0.0667197,-0.509161,0.716705,0.670134,-0.193016,0.970306,0.0910524,0.224089,0.371257,0.925905,-0.069768,-0.859948,0.510382,0,-0.177573,0.0358551,-0.983454,-0.283572,-0.748944,-0.59889,0.194697,-0.980826,-0.00860804,-0.915574,0.136343,0.378332,-0.623287,0.56098,0.544807,0.720043,0.583584,-0.375457,-0.161378,0.0360021,-0.986236,0.735698,0.544297,-0.403099,0.397067,-0.730133,-0.556098,0.326214,-0.193621,-0.925254,0.139655,-0.938459,0.315898,-0.0395114,0.194355,-0.980135,0.32372,0.930937,-0.169,-0.229783,-0.752377,0.617356,-0.421683,0.778447,-0.464977,0.350655,0.107148,-0.930355,0.331203,-0.23302,-0.914334,0.0613624,-0.186544,-0.980529,-0.177213,0.978344,0.106948,0.573587,-0.735768,-0.36006,-0.615977,-0.771549,-0.159009,0.361758,0.032197,0.931716,-0.0174193,0.997153,0.0733689,-0.217499,0.648963,-0.729068,0.3567,0.93385,-0.0262438,-0.817037,-0.00564772,0.576558,0.972717,0.0694,-0.221371,-0.842894,0.370636,0.390075,-0.481441,0.831016,0.278616,0.957725,-0.0593269,0.281501,-0.804319,-0.00530936,-0.594175,0.110738,0.993551,-0.0243527,-0.399753,0.904905,-0.1461,0.198917,-0.980014,-0.00193267,0.693827,0.580848,0.425699,-0.456783,0.652761,-0.604361,-0.0448869,0.710344,-0.702422,0.263261,0.371023,0.890526,0.481356,0.749729,0.454096,0.0949951,0.457087,-0.884335,0.31839,-0.906118,0.278528,0.210852,0.29072,0.933286,-0.997427,0.0716948,0,0.221269,0.332009,-0.916957,0.480467,0.747495,-0.458697,0.123566,0.0494207,-0.991105,0.0795606,-0.943534,-0.32158,0.0462191,-0.888399,-0.456739,-0.584691,-0.811062,-0.0177419,0.0352127,-0.966127,-0.255654,0.879594,-0.457645,-0.129907,-0.00257151,-0.99945,0.0330686]
}