{
    "vertices":[0,0.00574104,0.0064866,0.00561756,0.00574104,0.0032433,0.00561756,0.00574104,-0.00324329,-5.67077e-10,0.00574104,-0.00648659,0,0.000248472,7.53893e-09,-0.00561756,0.00574104,-0.00324329,-0.00561756,0.00574104,0.0032433,1.89125e-10,0.0938712,0.0569402,0.0493117,0.0938712,0.0284701,0.0493117,0.0938712,-0.0284701,-4.78875e-09,0.0938712,-0.0569403,-0.0493117,0.0938712,-0.0284701,-0.0493117,0.0938712,0.0284701,-1.51157e-10,0.119329,0.0398133,0.0344793,0.119329,0.0199066,0.0344793,0.119329,-0.0199067,-3.63175e-09,0.119329,-0.0398133,-0.0344793,0.119329,-0.0199067,-0.0344793,0.119329,0.0199066,-0.0444103,0.0715529,-0.0256403,-4.43458e-09,0.0715529,-0.0512806,4.85139e-11,0.071553,0.0512806,-0.0444103,0.071553,0.0256403,0.0444103,0.0715529,0.0256403,0.0444103,0.0715529,-0.0256403],
    "faces":[32,0,4,1,0,0,0,32,1,4,2,1,1,1,32,2,4,3,2,2,2,32,3,4,5,3,3,3,32,5,4,6,4,4,4,32,6,4,0,5,5,5,33,20,19,11,10,6,6,6,6,33,12,7,13,18,7,7,7,7,33,22,21,7,12,8,8,8,8,33,21,23,8,7,9,9,9,9,33,24,20,10,9,10,10,10,10,33,23,24,9,8,11,11,11,11,33,19,22,12,11,12,12,12,12,32,18,13,14,13,13,13,32,14,15,16,14,14,14,32,16,17,18,15,15,15,32,14,16,18,16,16,16,33,10,11,17,16,17,17,17,17,33,8,9,15,14,18,18,18,18,33,11,12,18,17,19,19,19,19,33,9,10,16,15,20,20,20,20,33,7,8,14,13,21,21,21,21,33,5,6,22,19,22,22,22,22,33,1,2,24,23,23,23,23,23,33,2,3,20,24,24,24,24,24,33,0,1,23,21,25,25,25,25,33,6,0,21,22,26,26,26,26,33,3,5,19,20,27,27,27,27],
    "uvs":[],
    "metadata":{
        "normals":28,
        "generator":"io_three",
        "type":"Geometry",
        "vertices":25,
        "uvs":0,
        "version":3,
        "faces":28
    },
    "normals":[0.349554,-0.715016,0.605445,0.699108,-0.715016,7.13858e-08,0.349554,-0.715016,-0.605445,-0.349554,-0.715016,-0.605445,-0.699108,-0.715016,7.13858e-08,-0.349554,-0.715016,0.605445,-0.488362,-0.214502,-0.845867,-0.432023,0.503413,0.748286,-0.488362,-0.214501,0.845868,0.488362,-0.214502,0.845868,0.488362,-0.214502,-0.845867,0.976724,-0.214502,-2.94232e-09,-0.976724,-0.214502,5.88464e-08,0,1,0,2.16088e-07,1,-3.74276e-07,-2.16088e-07,1,-3.74276e-07,0,1,-2.49517e-07,-0.432023,0.503413,-0.748286,0.864046,0.503413,-1.83768e-07,-0.864046,0.503413,-1.5314e-07,0.432023,0.503413,-0.748286,0.432023,0.503413,0.748286,-0.861477,-0.507797,1.05518e-07,0.861477,-0.507797,-5.27592e-08,0.430738,-0.507797,-0.746061,0.430738,-0.507797,0.746061,-0.430738,-0.507797,0.746061,-0.430739,-0.507797,-0.746061]
}