{
    "metadata":{
        "generator":"io_three",
        "faces":20,
        "normals":13,
        "uvs":1,
        "type":"Geometry",
        "vertices":24,
        "version":3
    },
    "vertices":[0.035737,0.0204889,0.0300158,0.0360325,0.020489,-0.0692966,0.0295796,0.0586315,-0.0666046,-0.0360038,0.0204889,0.0300158,-0.0250627,0.0586315,0.0273238,0.024804,0.0586315,0.0273238,-0.0360038,0.020489,-0.0692966,-0.0295538,0.0586315,-0.0666046,-0.024416,0.083729,-0.0421317,-0.024416,0.0613516,-0.0421317,0.024416,0.083729,-0.0421317,0.024416,0.0613516,-0.0421317,0.024416,0.083729,-0.0701229,0.024416,0.0613516,-0.0701229,-0.024416,0.0613516,-0.0701229,-0.024416,0.083729,-0.0701229,0.0238317,0.083241,-0.0701229,0.0238317,0.0627586,-0.0701229,-0.0238317,0.0627586,-0.0701229,-0.0238317,0.083241,-0.0701229,0.0238317,0.083241,-0.0426322,0.0238317,0.0627586,-0.0426322,-0.0238317,0.0627586,-0.0426322,-0.0238317,0.083241,-0.0426322],
    "faces":[41,7,6,3,4,0,1,2,3,0,0,0,0,41,7,2,1,6,4,4,2,2,1,1,1,1,41,3,0,5,4,2,2,4,4,2,2,2,2,41,18,22,21,17,0,0,0,0,3,3,3,3,40,14,17,13,0,0,0,4,4,4,41,16,20,23,19,0,0,0,0,5,5,5,5,40,12,17,16,0,1,0,6,6,6,40,15,18,14,0,1,1,6,6,6,40,12,19,15,0,0,0,6,6,6,41,13,12,10,11,1,0,0,1,7,7,7,7,41,17,21,20,16,1,1,0,0,8,8,8,8,41,8,15,14,9,0,0,1,1,9,9,9,9,40,14,18,17,0,0,0,4,4,4,40,12,13,17,0,1,1,6,6,6,40,15,19,18,0,0,1,6,6,6,40,12,16,19,0,0,0,6,6,6,41,0,1,2,5,2,1,0,3,10,10,10,10,41,23,20,21,22,0,0,1,1,6,6,6,6,41,10,8,9,11,0,0,1,1,11,11,11,11,41,19,23,22,18,0,0,1,1,12,12,12,12],
    "normals":[-0.974735,0.222214,0.0226535,0,0.0704026,-0.997519,0,0.0704016,0.997519,0,1,2.71022e-07,-0,0,-1,0,-1,0,0,0,-1,1,0,0,-1,-0,0,-1,0,0,0.97468,0.222136,0.0255775,0,-0,1,1,-0,0],
    "uvs":[[0,0,0,-1,1,-1,1,0,0.938477,0]]
}