{
    "metadata":{
        "generator":"io_three",
        "faces":25,
        "normals":20,
        "uvs":1,
        "type":"Geometry",
        "vertices":24,
        "version":3
    },
    "vertices":[-0.0317268,0.0618239,-0.069709,-0.024416,0.086862,-0.0421317,-0.024416,0.086862,-0.0701229,-0.024416,0.0837058,-0.0701229,0.0313233,0.0566395,-0.069709,-0.0313233,0.0566395,-0.069709,0.0317268,0.0618239,-0.069709,-0.0313233,0.0566395,0.0119216,0.0313233,0.0566395,0.0119216,0.0317268,0.0618238,0.0119216,-0.0317268,0.0618238,0.0119216,0.024416,0.0837058,-0.0421317,-0.024416,0.0837058,-0.0421317,0.024416,0.086862,-0.0701229,0.024416,0.0837058,-0.0701229,0.024416,0.086862,-0.0421317,0.0246512,0.0566395,0.0468299,0.0249688,0.0618238,0.0468299,-0.0249688,0.0618238,0.0468299,-0.0246512,0.0566395,0.0468299,-0.0288183,0.0618239,-0.0732487,0.0288183,0.0618239,-0.0732487,0.0284517,0.0566395,-0.0732487,-0.0284517,0.0566395,-0.0732487],
    "faces":[41,4,5,23,22,0,0,0,0,0,0,0,0,40,2,12,1,1,0,2,1,1,1,40,3,13,14,3,4,5,2,2,2,41,5,0,20,23,6,0,6,7,3,3,3,3,41,6,0,10,9,6,6,8,8,4,4,4,4,41,9,8,4,6,8,9,0,6,5,5,5,5,40,11,13,15,9,2,1,6,6,6,40,11,1,12,3,4,5,7,7,7,40,2,15,13,10,1,2,8,8,8,41,4,22,21,6,0,0,6,6,9,9,9,9,40,2,3,12,1,9,0,10,10,10,40,3,2,13,3,11,4,2,2,2,40,7,18,10,8,9,9,11,11,11,40,11,14,13,9,0,2,6,6,6,40,11,15,1,3,11,4,7,7,7,40,2,1,15,10,12,1,12,12,12,41,19,16,17,18,7,7,13,13,13,13,13,13,41,8,9,17,16,9,8,8,9,14,14,14,14,41,16,19,7,8,0,0,0,0,0,0,0,0,41,22,23,20,21,7,7,13,13,15,15,15,15,40,7,19,18,8,8,9,16,16,16,41,10,0,5,7,9,0,6,8,17,17,17,17,41,18,17,9,10,8,8,8,8,18,18,18,18,41,0,6,21,20,6,6,6,6,8,8,8,8,41,7,5,4,8,0,0,0,0,19,19,19,19],
    "normals":[0,-1,0,-1,-0,-0,0,2.36067e-06,-1,-0.773329,-0.0574402,-0.631397,0,1,2.73816e-07,0.996984,-0.0776097,-2.49078e-08,1,0,0,-0,0,1,0,1,-0,0.773329,-0.0574402,-0.631397,-1,0,0,-0.978917,-0.0762032,0.189512,0,1,0,0,0,1,0.979714,-0.0681428,0.18846,0,-0,-1,-0.980447,-0.0600652,0.187394,-0.996984,-0.0776097,-2.49078e-08,0,1,-2.13433e-07,0,-1,-3.65088e-07],
    "uvs":[[0,0,1,-0.103516,0,-0.103516,0.389648,-0.021484,0.615234,-0.081055,0.615234,-0.021484,0,-0.09668,0.645508,-0.09668,1,-0.09668,1,0,0,-0.984375,0.389648,-0.081055,1,-0.984375,0.645508,0]]
}