{
    "metadata":{
        "generator":"io_three",
        "faces":66,
        "normals":59,
        "uvs":1,
        "type":"Geometry",
        "vertices":64,
        "version":3
    },
    "vertices":[0.0302936,0.0530643,0.023433,0.0317837,0.051569,-0.068995,0.0332894,0.0530643,0.023433,0.0317993,0.0545544,-0.068995,0.0317889,0.0545596,0.023433,0.0302988,0.053054,-0.068995,-0.00177484,0.102647,0.0907415,0,0.102621,0.0889727,6.11661e-06,0.0240796,0.0909128,0.0017626,0.0241055,0.0926693,-6.11661e-06,0.0241314,0.0944441,-0.0301539,0.0571,-0.0349192,-0.0301539,0.0571,-0.037739,-0.0348674,0.0547045,-0.0349192,-0.0348674,0.0547045,-0.037739,-0.0240642,0.0216944,0.0370819,-0.0240642,0.0216944,0.0423801,-0.0240383,0.0581348,0.0423801,-0.018766,0.0216944,0.0370819,-0.018766,0.0216944,0.0423801,-0.0187919,0.0581348,0.0423801,-0.0187919,0.0581348,0.0370819,-0.0240383,0.0581348,0.0370819,0.0332842,0.0530695,-0.068995,0.0317889,0.0515638,0.023433,0.033843,0.0531057,0.00454794,0.033843,0.0531057,0.00173847,0.0306248,0.0575553,0.00454794,0.0306248,0.0575553,0.00173847,0.0302936,0.0494684,0.00454794,0.0302936,0.0494684,0.00173847,0.0306248,0.0575553,-0.0397206,0.0306248,0.0575553,-0.0425353,0.0302936,0.0494684,-0.0397206,0.0302936,0.0494684,-0.0425353,0.033843,0.0531057,-0.0397206,0.033843,0.0531057,-0.0425353,-0.035628,0.0496288,-0.0349192,-0.035628,0.0496288,-0.037739,-0.0324667,0.0463278,-0.0349192,-0.0324667,0.0463278,-0.037739,0.0185435,0.0216944,0.0423801,0.0185694,0.0581348,0.0370819,0.0238158,0.0581348,0.0370819,0.0238417,0.0216944,0.0370819,0.0238417,0.0216944,0.0423801,0.0185694,0.0581348,0.0423801,0.0238158,0.0581348,0.0423801,0.0185435,0.0216944,0.0370819,-0.00102391,0.0897788,0.0224189,-0.000822127,0.0794878,-0.0451274,-0.000930781,0.0886199,0.0217152,-0.000822127,0.077739,-0.0448532,-0.000734167,0.0990195,0.0897116,-0.000734167,0.100768,0.0894374,0.00177484,0.102647,0.0907415,-0.0017626,0.0241055,0.0926876,0,0.102672,0.0925163,0.000414734,0.0886792,0.0217052,0.000523388,0.0777983,-0.0448632,0.000321603,0.0898381,0.0224089,0.000523388,0.0795471,-0.0451374,0.000611348,0.0990789,0.0897017,0.000611348,0.100828,0.0894274],
    "faces":[40,4,5,0,0,1,2,0,0,0,40,5,1,0,1,3,2,1,1,1,40,0,1,24,2,3,4,2,2,2,40,1,23,24,3,1,4,3,3,3,40,24,23,2,4,1,2,4,4,4,40,23,3,2,1,5,2,5,5,5,40,2,3,4,2,5,0,6,6,6,40,3,5,4,5,1,0,7,7,7,40,6,7,8,2,0,5,8,8,8,40,7,55,8,0,2,5,9,9,9,40,8,55,9,5,2,1,10,10,10,40,55,57,9,2,4,1,11,11,11,40,9,57,10,1,4,3,12,12,12,40,57,56,10,4,1,3,13,13,13,40,11,12,13,6,7,8,14,14,14,40,12,14,13,7,9,8,14,14,14,40,13,14,37,8,9,10,15,15,15,40,14,38,37,9,11,10,15,15,15,40,15,16,22,12,13,14,16,16,16,40,16,17,22,13,15,14,17,17,17,40,21,20,18,12,13,14,18,18,18,40,20,19,18,13,15,14,19,19,19,40,16,19,17,13,12,15,20,20,20,40,19,20,17,12,14,15,20,20,20,40,18,15,21,13,12,15,21,21,21,40,15,22,21,12,14,15,21,21,21,40,5,3,1,16,17,18,22,22,22,40,3,23,1,17,19,18,23,23,23,40,2,4,24,20,21,22,24,24,24,40,4,0,24,21,23,22,25,25,25,40,25,26,27,6,7,24,26,26,26,40,26,28,27,7,25,24,27,27,27,40,29,30,25,11,10,25,28,28,28,40,30,26,25,10,24,25,28,28,28,40,35,36,31,6,7,24,29,29,29,40,36,32,31,7,25,24,30,30,30,40,33,34,35,11,10,25,31,31,31,40,34,36,35,10,24,25,31,31,31,40,37,38,39,11,10,7,32,32,32,40,38,40,39,10,6,7,33,33,33,40,48,41,42,12,13,14,34,34,34,40,41,46,42,13,15,14,35,35,35,40,43,47,44,12,13,14,36,36,36,40,47,45,44,13,15,14,37,37,37,40,41,45,46,13,12,15,20,20,20,40,45,47,46,12,14,15,38,38,38,40,44,48,43,13,12,15,39,39,39,40,48,42,43,12,14,15,40,40,40,40,49,51,50,26,27,28,41,41,41,40,50,51,52,28,27,29,42,42,42,40,51,49,53,29,28,27,43,43,43,40,53,49,54,27,28,26,44,44,44,40,55,7,57,20,21,22,45,45,45,40,7,6,57,21,23,22,46,46,46,40,8,56,6,5,1,2,47,47,47,40,56,57,6,1,4,2,48,48,48,40,60,61,58,26,28,27,49,49,49,40,61,59,58,28,29,27,50,50,50,40,58,62,60,29,27,28,51,51,51,40,62,63,60,27,26,28,52,52,52,41,51,53,62,58,29,27,27,29,53,53,53,53,41,54,49,60,63,26,28,28,26,54,54,54,54,41,53,54,63,62,27,26,26,27,55,55,55,55,41,50,52,59,61,28,29,29,28,56,56,56,56,41,49,50,61,60,26,28,28,26,57,57,57,57,41,52,51,58,59,29,27,27,29,58,58,58,58],
    "normals":[-0.707103,0.70711,-0.000118574,-0.707108,-0.707105,3.94302e-05,-0.708328,-0.705884,-5.40281e-09,0.707109,-0.707105,-7.93141e-05,0.707107,-0.707107,-7.93719e-05,0.70711,0.707103,8.55143e-08,0.70588,0.708331,3.97228e-05,-0.707106,0.707107,-0.000118474,-0.705904,-0.0175456,-0.70809,0.705905,-0.0174358,-0.708092,0.707126,-0.0174606,-0.706872,0.707127,0.0172402,0.706877,0.708347,0.0172652,0.705653,-0.707126,0.0174054,0.706873,-0.453074,0.891473,0,-0.988958,0.148194,0,-1,0.000709884,0,-1,0.000709884,0,1,0.000710088,0,1,0.000710088,-0,0,-5.11149e-07,1,0,4.08919e-07,-1,-0,0,-1,0,0,-1,-0,0,1,0,-0,1,0.810282,0.586041,-0,0.810282,0.586041,0,0.715707,-0.6984,0,0.810283,0.586039,-0,0.810283,0.586039,0,0.715706,-0.698402,0,-0.722225,-0.691659,0,-0.722225,-0.691659,-0,-1,0.000709833,0,-1,0.000709833,0,1,0.000709782,0,1,0.000709782,-0,0,-5.11149e-07,1,0,4.08919e-07,-1,0,4.08919e-07,-1,0.996224,0.0862216,-0.0101602,0.999999,0.000249542,0.00159143,0.99579,0.0901362,-0.0166652,0.999991,-0.000660916,-0.00421495,-2.72596e-05,0.999893,-0.0146008,2.72596e-05,0.999893,-0.0146008,-0.708345,-0.0175957,-0.705647,-0.707126,0.0174054,0.706874,-0.996224,-0.0862217,0.0101602,-0.999999,-0.000249542,-0.00159143,-0.99579,-0.0901363,0.0166652,-0.999991,0.00066092,0.00421495,-0.0446472,0.987539,-0.15091,0.0446491,-0.985868,0.161467,-0.00048012,-0.154911,-0.987928,0.00048012,0.154911,0.987928,0.0446468,-0.987586,0.150597,-0.0446489,0.985907,-0.161223],
    "uvs":[[0.124023,0,0.0625,-1,0.0625,0,0.000977,-1,0.000977,0,0.124023,-1,0.241211,0,0.130859,0,0.241211,-0.472656,0.130859,-0.472656,0.241211,-1,0.130859,-1,0.904297,-0.084961,0.987305,-0.084961,0.904297,-1,0.987305,-1,0.112305,-0.979492,0.123047,-0.979492,0.112305,-0.943359,0.123047,-0.943359,0.101562,-0.185547,0.024414,-0.185547,0.101562,-0.814453,0.024414,-0.814453,0.241211,-0.523438,0.130859,-0.523438,0.237305,-1,0.128906,-1,0.237305,0,0.128906,0]]
}