{
    "vertices":[-0.0398095,0.152068,-0.0173796,0.00545325,0.126895,0.0452939,-0.0186986,0.1399,0.034403,0.0169102,0.0596573,0.0259481,-0.0201558,0.083808,0.0195952,0.00992383,0.0169081,0.0203584,0.0174653,-0.00047636,0.0513945,0.00216327,0.00217606,0.0579331,0.0185037,0.0162144,0.0326394,0.0176534,0.0267219,0.0266159,0.00700095,0.0549208,0.0244834,-0.00251814,0.0920025,0.0357595,-0.0422029,0.123871,0.00546044,-0.0376636,0.122835,0.0137272,-0.0122316,0.164841,0.00487722,-0.0179509,0.10745,0.0309538,-0.0343352,0.152418,0.0101273,0.0252066,0.12157,0.0337414,0.00622391,-0.00357267,0.0442991,-0.0464538,0.103038,0.0184755,-0.0493464,0.0932501,0.0300895,-0.00943245,0.0498451,0.00716088,-0.0355512,0.088478,0.00547282,-0.0454534,0.144491,-0.00451849,0.0348178,0.13717,0.0217251,0.0352205,0.143003,-0.00730485,0.024482,0.0887899,-0.0175353,0.0247335,0.0910663,0.0302993,0.0318142,0.0197779,0.0179408,0.0361033,0.00625096,0.0340756,0.0622496,0.00026682,0.0152528,0.0261099,0.0561782,0.00960892,0.0362852,0.0945559,0.00555493,0.0210156,0.123378,-0.0312303,0.00915204,0.166248,-0.0117679,0.0129963,0.0517508,-0.0105728,0.0331722,0.111401,-0.0114072,0.014267,0.155617,-0.0277047,0.0409117,0.122143,0.0165693,0.0198904,0.0714525,-0.0130456,0.026417,0.0650646,0.0179532,0.0290486,0.0299973,0.0163377,0.014679,0.10175,-0.0349391,0.0140011,0.161027,0.0226815,0.033356,0.0969449,-0.0276306,0.0333651,0.11405,-0.0412693,0.0382847,0.105952,-0.027604,0.0269436,0.0172448,0.00802405,0.0682027,0.00694902,0.00719371,0.0235473,-0.00395772,0.0188507,-0.0107368,0.155089,-0.0388318,0.0140212,0.127419,-0.0383042,0.00344627,0.147709,-0.0425821,0.0428445,0.0971546,-0.0393506,-0.0206851,0.0897678,-0.0192957,-0.0189925,0.127558,-0.0406774,-0.0466048,0.125485,-0.0174416,0.0486378,0.000420436,0.0075212],
    "metadata":{
        "faces":109,
        "vertices":58,
        "type":"Geometry",
        "generator":"io_three",
        "version":3,
        "normals":109
    },
    "faces":[32,13,22,19,0,0,0,32,2,16,12,1,1,1,32,39,26,32,2,2,2,32,15,4,11,3,3,3,32,15,1,2,4,4,4,32,1,11,27,5,5,5,32,33,25,36,6,6,6,32,13,15,2,7,7,7,32,3,40,27,8,8,8,32,3,11,10,9,9,9,32,23,12,16,10,10,10,32,40,39,32,11,11,11,32,13,19,20,12,12,12,32,9,3,10,13,13,13,32,9,29,28,14,14,14,32,47,28,48,15,15,15,32,8,6,29,16,16,16,32,8,7,6,17,17,17,32,17,27,38,18,18,18,32,56,0,55,19,19,19,32,13,2,12,20,20,20,32,22,35,21,21,21,21,32,5,10,21,22,22,22,32,17,1,27,23,23,23,32,4,22,21,24,24,24,32,43,24,34,25,25,25,32,13,20,15,26,26,26,32,14,50,0,27,27,27,32,48,30,57,28,28,28,32,11,4,21,29,29,29,33,51,55,50,52,30,30,30,30,32,49,5,47,31,31,31,33,56,22,12,23,32,32,32,32,32,17,24,1,33,33,33,32,22,4,19,34,34,34,32,8,9,5,35,35,35,32,19,4,20,36,36,36,32,37,34,25,37,37,37,32,23,0,56,38,38,38,32,18,49,6,39,39,39,32,9,8,29,40,40,40,32,22,13,12,41,41,41,32,44,45,53,42,42,42,32,43,14,1,43,43,43,32,34,24,25,44,44,44,32,39,31,35,45,45,45,32,37,51,52,46,46,46,32,36,38,32,47,47,47,32,27,32,38,48,48,48,32,40,41,31,49,49,49,32,5,49,18,50,50,50,32,35,41,47,51,51,51,32,34,37,50,52,52,52,32,46,44,53,53,53,53,32,49,30,29,54,54,54,32,41,40,9,55,55,55,32,43,34,14,56,56,56,32,37,25,51,57,57,57,32,48,57,47,58,58,58,32,47,5,21,59,59,59,32,16,14,0,60,60,60,32,14,16,2,61,61,61,32,26,46,36,62,62,62,32,25,33,51,63,63,63,32,46,26,44,64,64,64,32,44,42,45,65,65,65,32,39,35,42,66,66,66,32,54,22,56,67,67,67,32,41,28,47,68,68,68,32,38,24,17,69,69,69,32,7,5,18,70,70,70,32,45,33,46,71,71,71,32,32,26,36,72,72,72,32,26,39,42,73,73,73,32,51,33,42,74,74,74,32,48,28,30,75,75,75,32,26,42,44,76,76,76,32,33,45,42,77,77,77,32,21,10,11,78,78,78,32,24,43,1,79,79,79,32,46,53,45,80,80,80,32,9,40,3,81,81,81,32,0,23,16,82,82,82,32,6,49,29,83,83,83,32,5,7,8,84,84,84,32,14,2,1,85,85,85,32,18,6,7,86,86,86,32,50,37,52,87,87,87,32,28,41,9,88,88,88,32,30,28,29,89,89,89,32,47,21,35,90,90,90,32,15,20,4,91,91,91,32,36,46,33,92,92,92,32,25,24,38,93,93,93,32,15,11,1,94,94,94,32,3,27,11,95,95,95,32,40,31,39,96,96,96,32,22,54,35,97,97,97,32,5,9,10,98,98,98,32,14,34,50,99,99,99,32,36,25,38,100,100,100,32,27,40,32,101,101,101,32,35,31,41,102,102,102,32,35,54,42,103,103,103,33,42,54,55,51,104,104,104,104,32,50,55,0,105,105,105,32,47,57,49,106,106,106,32,57,30,49,107,107,107,32,55,54,56,108,108,108],
    "normals":[-0.68275,0.130728,-0.718862,-0.803099,0.126131,0.582342,0.872398,-0.325479,-0.364671,-0.556507,-0.317057,0.767968,-0.455034,-0.104482,0.884323,0.177774,-0.296978,0.93819,0.855553,0.0117364,-0.517581,-0.694919,-0.0918207,0.713202,0.704637,-0.266608,0.657577,-0.00209301,-0.291425,0.956591,-0.823268,0.136827,0.550917,0.874289,-0.405022,-0.267538,-0.892088,0.429654,0.139916,-0.153941,0.0165589,0.987941,0.593505,0.687433,0.418554,0.221044,0.913378,-0.341877,0.340435,0.692963,0.635537,0.384888,0.678789,0.625385,0.736564,-0.087112,0.670735,-0.642205,0.165908,-0.748363,-0.814563,0.31549,0.486779,-0.546725,-0.401727,-0.734647,-0.700019,-0.130025,0.702187,0.480628,-0.105688,0.870532,-0.677328,-0.431901,0.595557,0.75334,0.6576,-0.00637333,-0.268466,0.545219,0.794142,-0.259163,0.940737,-0.218743,0.268644,-0.829625,-0.48944,-0.491964,-0.432058,0.755842,-0.0374909,-0.0525727,-0.997913,-0.554642,-0.306227,-0.773691,-0.974064,-0.14057,0.177311,0.539734,0.2792,0.794188,-0.559797,-0.744344,0.364113,-0.78481,0.259192,0.562932,-0.435,-0.632212,-0.641157,0.66767,0.700215,-0.252815,-0.933097,0.239147,-0.268588,0.181094,-0.973734,0.138009,0.213835,0.498796,0.839927,-0.873206,-0.16395,0.458946,-0.68962,-0.451244,-0.566395,-0.401279,0.573593,0.714119,0.64164,0.750211,0.159626,0.819971,-0.344322,-0.457264,0.720739,0.238397,-0.650924,0.967907,-0.0654522,-0.242635,0.880994,-0.295332,0.369634,0.989383,0.079843,-0.121438,-0.742004,-0.448454,-0.498317,0.89443,0.131095,-0.427562,0.203511,0.843378,-0.497289,0.717649,-0.394405,0.573955,0.138841,-0.871686,0.469987,0.667188,0.0157608,0.744722,0.0464831,0.988589,0.143289,0.746255,0.228509,-0.62521,-0.0186725,0.00580537,-0.999809,-0.481028,-0.554717,-0.678897,-0.473189,0.877042,0.0830042,-0.290258,0.761435,0.579627,0.814593,-0.421166,0.398819,0.752955,0.213772,-0.622383,0.818985,-0.449216,0.357028,0.144019,-0.616976,-0.773692,0.711509,-0.327036,-0.621935,-0.728431,-0.504555,-0.463479,0.868805,0.161694,-0.46801,0.735171,0.0666777,0.674595,-0.964328,-0.108192,-0.241589,0.680563,0.711132,0.17642,0.888115,-0.234139,-0.395514,0.682534,-0.347291,-0.643068,0.686581,-0.0771817,-0.722945,0.406941,0.532542,0.742157,0.0346696,-0.792109,-0.609395,-0.468645,0.280922,-0.837529,-0.617602,-0.369644,0.694212,0.487454,0.394104,0.779147,0.873066,0.486921,-0.0257518,0.633293,0.0299717,0.773332,-0.68079,0.721507,0.126301,0.478602,-0.859101,0.181346,-0.33334,0.899118,0.283674,0.107237,0.747818,0.655186,0.00720863,-0.920645,0.390334,0.24547,0.770618,-0.588126,0.597506,0.279591,0.751542,0.505021,0.722794,0.471723,-0.484688,-0.558645,-0.673048,0.174566,-0.43958,0.881077,0.711483,0.702604,-0.0118035,0.933105,0.34984,0.0832289,-0.425166,-0.146914,0.893112,0.18727,-0.180415,0.965598,0.974997,0.133277,-0.177814,-0.632289,-0.655084,-0.413614,-0.517484,-0.131544,0.845521,-0.233075,0.9474,-0.219337,0.966226,-0.0293921,-0.256015,0.905122,-0.133117,0.403774,0.842077,-0.0436467,-0.537589,-0.24529,-0.418015,-0.874698,-0.117478,-0.359141,-0.92586,-0.593215,0.229609,-0.771606,-0.321826,-0.389182,-0.863114,0.0903504,-0.979777,-0.178531,-0.578063,-0.382066,-0.721019]
}