{
    "faces":[32,13,22,19,0,0,0,32,2,16,12,1,1,1,32,39,26,32,2,2,2,32,15,4,11,3,3,3,32,15,1,2,4,4,4,32,1,11,27,5,5,5,32,33,25,36,6,6,6,32,13,15,2,7,7,7,32,3,40,27,8,8,8,32,3,11,10,9,9,9,32,23,12,16,10,10,10,32,40,39,32,11,11,11,32,13,19,20,12,12,12,32,9,3,10,13,13,13,32,9,29,28,14,14,14,32,47,28,48,15,15,15,32,8,6,29,16,16,16,32,8,7,6,17,17,17,32,17,27,38,18,18,18,32,52,51,50,19,19,19,32,13,2,12,20,20,20,32,22,35,21,21,21,21,32,5,10,21,22,22,22,32,17,1,27,23,23,23,32,4,22,21,24,24,24,32,43,24,34,25,25,25,32,13,20,15,26,26,26,32,14,50,0,27,27,27,32,48,30,49,28,28,28,32,11,4,21,29,29,29,32,12,23,0,30,30,30,32,49,5,47,31,31,31,32,51,0,50,32,32,32,32,17,24,1,33,33,33,32,22,4,19,34,34,34,32,8,9,5,35,35,35,32,19,4,20,36,36,36,32,37,34,25,37,37,37,32,42,35,51,38,38,38,32,18,49,6,39,39,39,32,9,8,29,40,40,40,32,22,13,12,41,41,41,32,44,45,53,42,42,42,32,43,14,1,43,43,43,32,34,24,25,44,44,44,32,39,31,35,45,45,45,32,37,51,52,46,46,46,32,36,38,32,47,47,47,32,27,32,38,48,48,48,32,40,41,31,49,49,49,32,5,49,18,50,50,50,32,35,41,47,51,51,51,32,34,37,50,52,52,52,32,46,44,53,53,53,53,32,49,30,29,54,54,54,32,41,40,9,55,55,55,32,43,34,14,56,56,56,32,37,25,51,57,57,57,32,48,49,47,58,58,58,32,47,5,21,59,59,59,32,16,14,0,60,60,60,32,14,16,2,61,61,61,32,26,46,36,62,62,62,32,25,33,51,63,63,63,32,46,26,44,64,64,64,32,44,42,45,65,65,65,32,39,35,42,66,66,66,32,22,12,0,67,67,67,32,41,28,47,68,68,68,32,38,24,17,69,69,69,32,7,5,18,70,70,70,32,45,33,46,71,71,71,32,32,26,36,72,72,72,32,26,39,42,73,73,73,32,51,33,42,74,74,74,32,48,28,30,75,75,75,32,26,42,44,76,76,76,32,33,45,42,77,77,77,32,21,10,11,78,78,78,32,24,43,1,79,79,79,32,46,53,45,80,80,80,32,9,40,3,81,81,81,32,0,23,16,82,82,82,32,6,49,29,83,83,83,32,5,7,8,84,84,84,32,14,2,1,85,85,85,32,18,6,7,86,86,86,32,50,37,52,87,87,87,32,28,41,9,88,88,88,32,30,28,29,89,89,89,32,47,21,35,90,90,90,32,15,20,4,91,91,91,32,36,46,33,92,92,92,32,25,24,38,93,93,93,32,15,11,1,94,94,94,32,3,27,11,95,95,95,32,40,31,39,96,96,96,32,22,0,35,97,97,97,32,5,9,10,98,98,98,32,14,34,50,99,99,99,32,51,35,0,100,100,100,32,36,25,38,101,101,101,32,27,40,32,102,102,102,32,35,31,41,103,103,103],
    "vertices":[-0.262829,-0.0297699,0.152678,0.177032,0.485687,0.186735,-0.00297995,0.348727,0.284186,0.676568,0.203936,0.0414582,0.324558,0.0719673,0.257557,1.01851,-0.010826,0.0489629,1.14459,0.0175755,0.11795,1.1205,0.00906549,0.191974,1.05228,0.033786,0.056309,1.00041,0.0499694,0.0350878,0.687083,0.13413,0.101176,0.405669,0.278537,0.20545,0.000805883,0.0103412,0.297536,0.103442,0.0768672,0.300199,-0.241392,0.360577,0.145875,0.230129,0.169454,0.278446,-0.190335,0.166642,0.257332,0.236737,0.488161,4.25923e-08,1.15305,-0.00244477,0.137415,0.168922,0.0475537,0.386421,0.241567,0.05158,0.392586,0.640834,-0.00930896,0.119005,0.252067,0.0219717,0.277797,-0.188069,-0.000432342,0.258907,0.111195,0.50795,-0.131467,0.0010471,0.34893,-0.285242,0.327647,0.0650444,-0.253716,0.462586,0.367224,-0.00130795,1.03684,0.0391916,-0.0394408,1.11836,0.0186404,-0.00150123,1.15324,0.00443569,-0.149051,0.687083,0.13413,-0.101176,0.405669,0.278537,-0.20545,0.115324,0.0719198,-0.29702,-0.241392,0.360577,-0.145874,0.636898,-0.00963622,-0.120094,0.230129,0.169454,-0.278446,-0.190335,0.166642,-0.257332,0.229002,0.456099,-0.191432,0.503693,0.0142233,-0.182852,0.638409,0.215539,-0.0643264,0.988294,0.0498121,-0.03682,0.21656,0.0298789,-0.283194,-0.117723,0.494278,3.79991e-08,0.282073,0.0681608,-0.332684,0.168922,0.0475537,-0.386421,0.228478,0.0750647,-0.361014,1.02381,-0.0110221,-0.0485869,1.12233,0.00632396,-0.195673,1.127,-0.01318,0.000153075,-0.268672,-0.018945,-0.149632,0.00197317,0.00985861,-0.297772,-0.188069,-0.000432342,-0.258907,0.269667,0.0306506,-0.423422],
    "metadata":{
        "faces":104,
        "vertices":54,
        "normals":104,
        "type":"Geometry",
        "version":3,
        "generator":"io_three"
    },
    "normals":[-0.352651,-0.934425,-0.0498682,-0.176765,0.0368279,0.983564,0.388857,0.0656433,-0.918957,0.322204,0.110645,0.940182,0.260146,0.30898,0.914798,0.578781,0.679546,0.450811,0.0923562,0.0802986,-0.992483,0.0990701,0.0971145,0.99033,0.618122,0.773858,-0.138093,0.529523,0.596093,0.603555,-0.200726,0.00651204,0.979626,0.539443,0.128917,-0.832095,-0.0831054,0.922573,0.376767,0.31954,0.643315,0.695729,0.251782,0.967637,-0.0168759,-0.80817,0.301801,-0.505745,0.194879,0.980236,-0.0340421,0.0801423,0.986968,0.139543,0.464889,0.869954,-0.164491,0.0227017,-0.98832,-0.15069,-0.0510379,0.0388018,0.997943,-0.0791196,-0.996862,0.00266673,0.182228,0.0632073,0.981223,0.466646,0.869718,0.160723,0.362943,-0.154217,0.918961,-0.322435,0.817988,-0.476373,-0.345659,0.63523,0.690654,-0.998249,0.0551934,0.0212688,0.0916036,-0.990675,-0.100854,0.414595,0.0661474,0.907599,0.000627806,-0.964029,0.265795,-0.0213093,-0.999773,0.000851927,0.0855427,-0.995636,-0.0373042,0.106958,0.993135,0.0473541,0.567544,-0.590711,0.573546,-0.347007,0.109311,0.93147,0.0643234,-0.991824,-0.110217,-0.453903,0.35116,-0.818938,0.114083,-0.857454,-0.501754,0.956969,0.211971,-0.198186,0.274116,0.959702,0.0619146,0.0850101,-0.170442,0.981694,-0.0140247,-0.923379,0.383632,-0.292599,0.815484,0.499372,-0.294895,0.761904,-0.576662,0.421921,-0.0280306,-0.906199,-0.200692,0.00651259,-0.979633,0.211894,0.28464,-0.934923,0.61416,0.64677,-0.452213,0.317949,0.542166,-0.777795,0.0123902,-0.997059,0.0756291,0.175209,0.284592,-0.942502,-0.858082,0.0667196,-0.509161,0.32151,0.858756,-0.398961,0.943435,0.266417,0.197362,0.431664,0.898935,-0.0747144,-0.734112,0.679028,-6.93631e-08,-0.177573,0.0358551,-0.983454,0.0262878,-0.994671,-0.0996949,-0.00368085,-0.999992,0.00181073,-0.867047,0.0562451,0.495042,-0.457061,0.349682,0.817813,0.664108,0.485633,-0.568438,-0.0135727,0.0368858,-0.999227,0.153313,0.986936,-0.0495294,0.305359,-0.905097,-0.295896,0.207324,-0.683484,-0.699904,0.0586011,-0.984395,0.165926,-0.0131526,0.182481,-0.983121,0.32372,0.930937,-0.169,-0.0539445,-0.983053,0.175204,-0.244523,0.88832,-0.38871,0.334232,0.0899542,-0.938188,0.312322,-0.209969,-0.926481,0.0795481,-0.133331,-0.987874,0.202082,0.9748,-0.0944908,0.349918,-0.906121,-0.237701,-0.385783,-0.92237,0.0201051,0.3492,0.00387871,0.93704,-0.0174194,0.997153,0.073369,-0.0963473,0.77981,-0.618558,0.427829,0.902162,-0.0553773,-0.817037,-0.00564773,0.576558,0.947073,0.246449,-0.20571,-0.742166,0.48581,0.461713,-0.286943,0.776397,0.561133,0.731283,0.608606,0.307935,-0.804319,-0.00530915,-0.594174,0.211625,0.97662,-0.0378014,0.258252,0.965551,-0.031908,-0.00384657,-0.999991,0.00143202,0.67413,0.546523,0.496851,-0.404205,0.606215,-0.684924,-0.0448868,0.710343,-0.702422,0.198811,0.303618,0.931821,0.481356,0.749729,0.454096,0.0949952,0.457087,-0.884335,0.0649367,-0.987838,0.141277,0.271505,0.290233,0.917633,-0.997427,0.0716947,-7.32366e-09,-0.00520391,-0.995867,-0.0906711,0.248618,0.282247,-0.926566,0.480467,0.747495,-0.458697,0.222191,0.0505711,-0.973691]
}